Rk,Name,Prfct,Gcar,Gtm,Year,Date,Tm,,Opp,Rslt,Inngs,Dec,DR,IP,H,R,ER,BB,SO,HR,HBP,ERA,BF,Pit,Str,StL,StS,GB,FB,LD,PU,Unk,GSc,SB,CS,PO,AB,2B,3B,IBB,GDP,SF,ROE,aLI,WPA,acLI,cWPA,RE24
1,Carlos Rodon*,,99,12,2021,Apr 14,CHW,,CLE,"W,8-0",SHO,W,8,9,0,0,0,0,7,0,1,0,28,114,75,21,19,10,10,3,2,0,94,0,0,0,27,0,0,0,0,0,0,0.16,0.116,0.17,0.07%,4.82
2,Joe Musgrove,,110,8,2021,Apr 9,SDP,@,TEX,"W,3-0",SHO,W,5,9,0,0,0,0,10,0,1,0,28,112,77,24,15,10,7,3,1,0,97,0,0,0,27,0,0,0,0,0,0,0.75,0.545,0.71,0.31%,5.52
3,Alec Mills,,28,48,2020,Sep 13,CHC,@,MIL,"W,12-0",SHO,W,4,9,0,0,0,3,5,0,0,3.93,29,114,74,26,5,10,11,5,4,0,89,0,0,0,26,0,0,0,1,0,0,0.31,0.199,0.16,0.06%,4.81
4,Lucas Giolito,,81,30,2020,Aug 25,CHW,,PIT,"W,4-0",SHO,W,4,9,0,0,0,1,13,0,0,3.09,28,101,74,18,28,6,8,2,3,0,99,0,0,0,27,0,0,0,0,0,0,0.52,0.329,0.56,0.21%,4.82
5,Justin Verlander,,448,138,2019,Sep 1,HOU,@,TOR,"W,2-0",SHO,W,4,9,0,0,0,1,14,0,0,2.56,28,120,79,19,22,6,7,1,4,0,100,0,0,0,27,0,0,0,0,0,0,0.99,0.666,0.24,0.10%,4.82
6,Mike Fiers,,181,37,2019,May 7,OAK,,CIN,"W,2-0",SHO,W,5,9,0,0,0,2,6,0,0,5.48,29,131,83,24,10,10,11,0,4,0,91,0,0,0,27,0,0,0,1,0,1,0.98,0.626,0.63,0.24%,4.72
7,James Paxton*,,82,34,2018,May 8,SEA,@,TOR,"W,5-0",SHO,W,5,9,0,0,0,3,7,0,0,3.4,29,99,64,14,13,10,9,3,3,0,91,0,0,0,26,0,0,0,1,0,0,0.63,0.287,0.72,0.20%,4.51
8,Sean Manaea*,,59,21,2018,Apr 21,OAK,,BOS,"W,3-0",SHO,W,5,9,0,0,0,2,10,0,0,1.23,30,108,75,19,14,9,9,2,5,0,95,0,0,0,28,0,0,0,0,0,1,0.73,0.44,0.57,0.21%,4.46
9,Edinson Volquez,,270,54,2017,Jun 3,MIA,,ARI,"W,3-0",SHO,W,4,9,0,0,0,2,10,0,0,3.79,27,98,65,25,13,11,4,1,1,0,95,0,0,0,25,0,0,0,2,0,0,1.04,0.593,0.43,0.15%,4.19
10,Jake Arrieta,,140,16,2016,Apr 21,CHC,@,CIN,"W,16-0",SHO,W,4,9,0,0,0,4,6,0,0,0.87,29,119,71,23,11,11,8,5,2,0,89,0,0,0,25,0,0,0,1,0,0,0.32,0.185,0.43,0.15%,4.5
11,Max Scherzer,,240,161,2015,Oct 3(2),WSN,@,NYM,"W,2-0",SHO,W,4,9,0,0,0,0,17,0,0,2.79,28,109,80,20,22,6,5,2,2,0,104,0,0,0,28,0,0,0,0,0,1,1.01,0.587,0,0.00%,4.05
12,Jake Arrieta,,130,129,2015,Aug 30,CHC,@,LAD,"W,2-0",SHO,W,4,9,0,0,0,1,12,0,0,2.11,29,116,80,18,19,8,8,4,1,0,98,0,0,0,27,0,0,0,0,0,1,0.92,0.565,0.63,0.23%,3.97
13,Mike Fiers,,75,123,2015,Aug 21,HOU,,LAD,"W,3-0",SHO,W,4,9,0,0,0,3,10,0,0,3.62,30,134,88,23,13,8,9,1,5,0,94,0,0,0,27,0,0,0,0,0,0,0.79,0.437,1.5,0.50%,4.25
14,Hisashi Iwakuma,,102,115,2015,Aug 12,SEA,,BAL,"W,3-0",SHO,W,4,9,0,0,0,3,7,0,0,3.86,29,116,77,14,19,11,8,3,1,0,91,0,0,0,26,0,0,0,1,0,0,0.81,0.401,0.25,0.07%,4.16
15,Cole Hamels*,,295,99,2015,Jul 25,PHI,@,CHC,"W,5-0",SHO,W,5,9,0,0,0,2,13,0,0,3.64,29,129,83,24,26,6,8,4,0,0,98,2,0,0,27,0,0,0,0,0,0,0.64,0.353,0,0.00%,4.1
16,Max Scherzer,,221,69,2015,Jun 20,WSN,,PIT,"W,6-0",SHO,W,5,9,0,0,0,0,10,0,1,1.76,28,106,82,14,13,4,13,3,3,0,97,0,0,0,27,0,0,0,0,0,0,0.54,0.378,0.76,0.32%,4.26
17,Chris Heston,,15,59,2015,Jun 9,SFG,@,NYM,"W,5-0",SHO,W,6,9,0,0,0,0,11,0,3,3.77,29,110,72,28,11,13,2,0,0,0,98,0,0,0,26,0,0,0,1,0,0,0.56,0.32,0.74,0.25%,4.05
18,Jordan Zimmermann,,145,162,2014,Sep 28,WSN,,MIA,"W,1-0",SHO,W,7,9,0,0,0,1,10,0,0,2.66,28,104,79,14,17,5,12,6,4,0,96,0,0,0,27,0,0,0,0,0,0,1.1,0.717,0,0.00%,4.14
19,Tim Lincecum,,237,79,2014,Jun 25,SFG,,SDP,"W,4-0",SHO,W,4,9,0,0,0,1,6,0,0,4.42,28,113,73,15,11,12,9,2,1,0,92,0,0,0,27,0,0,0,0,0,0,0.65,0.398,0.83,0.30%,3.78
20,Clayton Kershaw*,,194,74,2014,Jun 18,LAD,,COL,"W,8-0",SHO,W,4,9,0,0,0,0,15,0,0,2.52,28,107,79,18,22,9,4,1,0,0,102,0,0,0,28,0,0,0,0,0,1,0.24,0.155,0.33,0.13%,3.82
21,Josh Beckett,,324,51,2014,May 25,LAD,@,PHI,"W,6-0",SHO,W,4,9,0,0,0,3,6,0,0,2.43,30,128,80,29,13,10,11,3,3,0,90,0,0,0,27,0,0,0,0,0,0,0.56,0.337,0.61,0.22%,4.02
22,Henderson Alvarez III,,58,162,2013,Sep 29,MIA,,DET,"W,1-0",SHO,W,4,9,0,0,0,1,4,0,1,3.59,30,99,66,21,6,14,10,4,2,0,90,0,0,0,28,0,0,0,0,0,1,1.02,0.653,0,0.00%,4.07
23,Tim Lincecum,,208,93,2013,Jul 13,SFG,@,SDP,"W,9-0",SHO,W,4,9,0,0,0,4,13,0,1,4.26,32,148,96,23,27,6,8,2,0,0,96,1,0,0,27,0,0,0,0,0,0,0.33,0.192,0.18,0.06%,3.63
24,Homer Bailey,,128,84,2013,Jul 2,CIN,,SFG,"W,3-0",SHO,W,5,9,0,0,0,1,9,0,0,3.57,28,109,74,17,16,8,10,3,3,0,95,0,0,0,27,0,0,0,0,0,0,0.77,0.461,0.92,0.33%,4.03
25,Homer Bailey,,110,157,2012,Sep 28,CIN,@,PIT,"W,1-0",SHO,W,4,9,0,0,0,1,10,0,0,3.75,28,115,74,20,15,11,7,2,2,0,96,1,1,0,27,0,0,0,0,0,1,1.37,0.799,0.29,0.10%,4.07
26,Felix Hernandez,Y,230,119,2012,Aug 15,SEA,,TBR,"W,1-0",SHO,W,4,9,0,0,0,0,12,0,0,2.6,27,113,77,18,24,8,7,2,0,0,99,0,0,0,27,0,0,0,0,0,0,1.07,0.712,0.03,0.01%,4.1
27,Matt Cain,Y,217,63,2012,Jun 13,SFG,,HOU,"W,10-0",SHO,W,5,9,0,0,0,0,14,0,0,2.18,27,125,86,29,14,6,7,0,1,0,101,0,0,0,27,0,0,0,0,0,0,0.19,0.124,0.23,0.09%,3.81
28,Johan Santana*,,350,52,2012,Jun 1,NYM,,STL,"W,8-0",SHO,W,5,9,0,0,0,5,8,0,0,2.38,32,134,77,21,18,3,16,5,4,0,90,0,0,0,27,0,0,0,0,0,0,0.77,0.339,0.89,0.24%,4.07
29,Jered Weaver,,183,25,2012,May 2,LAA,,MIN,"W,9-0",SHO,W,4,9,0,0,0,1,9,0,0,1.61,29,121,77,25,10,5,14,0,5,0,95,0,0,0,28,0,0,0,0,0,0,0.25,0.161,0.17,0.06%,4.19
30,Philip Humber,Y,56,14,2012,Apr 21,CHW,@,SEA,"W,4-0",SHO,W,4,9,0,0,0,0,9,0,0,0.63,27,96,67,23,14,5,13,3,5,0,96,0,0,0,27,0,0,0,0,0,0,0.6,0.399,0.61,0.24%,4.1
31,Ervin Santana,,195,105,2011,Jul 27,LAA,@,CLE,"W,3-1",CG,W,4,9,0,1,0,1,10,0,0,3.47,29,105,76,25,13,13,5,0,1,0,94,1,0,0,28,0,0,0,0,0,1,1.14,0.544,1.76,0.50%,3.24
32,Justin Verlander,,173,34,2011,May 7,DET,@,TOR,"W,9-0",SHO,W,4,9,0,0,0,1,4,0,0,3.16,27,108,74,15,11,12,10,3,6,0,90,0,0,0,26,0,0,0,1,0,0,0.3,0.204,0.27,0.11%,4.69
33,Francisco Liriano*,,114,28,2011,May 3,MIN,@,CHW,"W,1-0",SHO,W,5,9,0,0,0,6,2,0,0,6.61,30,123,66,23,12,9,13,3,5,0,83,1,0,0,24,0,0,0,3,0,0,1.66,0.858,0.89,0.28%,4.78
34,Roy Halladay,,,,2010,Oct 6,PHI,,CIN,"W,4-0",SHO,W,99,9,0,0,0,1,8,0,0,---,28,104,79,23,19,12,7,1,3,0,94,0,0,0,27,0,0,0,0,0,0,0.44,0.3,6.92,2.61%,4.48
35,Matt Garza,,109,98,2010,Jul 26,TBR,,DET,"W,5-0",SHO,W,5,9,0,0,0,1,6,0,0,4.06,27,120,80,17,13,8,12,3,1,0,92,0,0,0,26,0,0,0,1,0,0,0.63,0.4,0.79,0.30%,4.25
36,Edwin Jackson,,155,74,2010,Jun 25,ARI,@,TBR,"W,1-0",SHO,W,5,9,0,0,0,8,6,0,1,4.63,36,149,79,24,17,11,10,2,2,0,85,2,1,0,27,0,0,0,0,0,1,1.78,0.815,0.08,0.02%,4.25
37,Roy Halladay,Y,324,48,2010,May 29,PHI,@,FLA,"W,1-0",SHO,W,5,9,0,0,0,0,11,0,0,1.99,27,115,72,26,8,8,8,2,2,0,98,0,0,0,27,0,0,0,0,0,0,1.22,0.838,1.85,0.76%,4.52
38,Dallas Braden*,Y,68,32,2010,May 9,OAK,,TBR,"W,4-0",SHO,W,5,9,0,0,0,0,6,0,0,3.33,27,109,77,25,5,7,14,5,3,0,93,0,0,0,27,0,0,0,0,0,0,0.5,0.339,0.57,0.23%,4.43
39,Ubaldo Jimenez,,87,11,2010,Apr 17,COL,@,ATL,"W,4-0",SHO,W,5,9,0,0,0,6,7,0,0,1.29,31,128,72,26,13,7,11,0,3,0,88,1,0,0,25,0,0,0,1,0,0,0.84,0.345,0.81,0.20%,4.3
40,Mark Buehrle*,Y,313,95,2009,Jul 23,CHW,,TBR,"W,5-0",SHO,W,4,9,0,0,0,0,6,0,0,3.28,27,116,76,22,6,11,10,2,2,0,93,0,0,0,27,0,0,0,0,0,0,0.41,0.29,0.59,0.25%,5.12
41,Jonathan Sanchez*,,106,86,2009,Jul 10,SFG,,SDP,"W,8-0",SHO,W,6,9,0,0,0,0,11,0,0,4.69,28,110,77,21,12,6,11,1,2,0,98,0,0,0,28,0,0,0,0,0,1,0.3,0.22,0.46,0.20%,4.57
42,Carlos Zambrano,,229,147,2008,Sep 14,CHC,@,HOU,"W,5-0",SHO,W,11,9,0,0,0,1,10,0,1,3.41,28,110,73,24,12,12,4,1,1,0,96,0,0,0,26,0,0,0,1,0,0,0.39,0.252,0.02,0.01%,4.45
43,Jon Lester*,,38,47,2008,May 19,BOS,,KCR,"W,7-0",SHO,W,4,9,0,0,0,2,9,0,0,3.41,29,130,86,23,18,11,7,2,0,0,94,0,0,0,27,0,0,0,0,0,0,0.42,0.257,0.61,0.22%,5.14
44,Clay Buchholz,,2,136,2007,Sep 1,BOS,,BAL,"W,10-0",SHO,W,14,9,0,0,0,3,9,0,1,1.8,30,115,73,22,17,6,11,3,1,0,93,0,0,1,26,0,0,0,0,0,0,0.62,0.316,0.17,0.05%,5.25
45,Justin Verlander,,45,63,2007,Jun 12,DET,,MIL,"W,4-0",SHO,W,5,9,0,0,0,4,12,0,0,2.79,30,112,73,19,19,10,4,2,1,0,95,0,0,0,26,0,0,0,1,0,0,0.79,0.479,1.09,0.40%,5.05
46,Mark Buehrle*,,232,13,2007,Apr 18,CHW,,TEX,"W,6-0",SHO,W,6,9,0,0,0,1,8,0,0,2.08,27,106,66,16,12,11,7,0,1,0,94,0,0,1,26,0,0,0,0,0,0,0.54,0.358,0.49,0.19%,5.15
47,Anibal Sanchez,,14,139,2006,Sep 6,FLA,,ARI,"W,2-0",SHO,W,4,9,0,0,0,4,6,0,0,2.89,31,103,67,19,11,12,9,3,2,0,89,0,0,0,27,0,0,0,1,0,1,1.08,0.571,1.93,0.61%,4.62
48,Randy Johnson*,Y,463,38,2004,May 18,ARI,@,ATL,"W,2-0",SHO,W,5,9,0,0,0,0,13,0,0,2.43,27,117,87,15,26,7,7,1,0,0,100,0,0,0,27,0,0,0,0,0,0,0.96,0.67,0.42,0.18%,4.72
49,Kevin Millwood,,174,25,2003,Apr 27,PHI,,SFG,"W,1-0",SHO,W,4,9,0,0,0,3,10,0,0,3.48,29,108,72,19,17,4,12,1,1,0,94,0,1,0,26,0,0,0,0,0,0,1.15,0.733,1.35,0.52%,4.33
50,Derek Lowe,,303,21,2002,Apr 27,BOS,,TBD,"W,10-0",SHO,W,5,9,0,0,0,1,6,0,0,2.04,28,97,66,27,8,13,8,1,0,0,92,0,0,0,27,0,0,0,0,0,0,0.38,0.196,0.51,0.16%,5.04
51,Bud Smith*,,13,137,2001,Sep 3,STL,@,SDP,"W,4-0",SHO,W,4,9,0,0,0,4,7,0,0,3.75,31,134,78,28,12,10,10,1,1,0,90,1,0,0,27,0,0,0,0,0,0,0.66,0.391,0.84,0.30%,4.3
52,A.J. Burnett,,22,35,2001,May 12,FLA,@,SDP,"W,3-0",SHO,W,4,9,0,0,0,9,7,0,1,0.6,36,129,65,20,9,7,12,1,2,0,85,3,0,0,26,0,0,0,1,0,0,1.2,0.453,0.82,0.19%,4.3
53,Hideo Nomo,,184,2,2001,Apr 4,BOS,@,BAL,"W,3-0",SHO,W,99,9,0,0,0,3,11,0,0,0,30,110,69,22,14,8,8,2,2,0,95,0,0,0,27,0,0,0,0,0,1,0.89,0.545,0.95,0.35%,4.68
54,Eric Milton*,,62,141,1999,Sep 11,MIN,,ANA,"W,7-0",SHO,W,4,9,0,0,0,2,13,0,0,4.64,28,122,78,24,18,4,9,1,4,0,98,0,1,0,26,0,0,0,0,0,0,0.43,0.275,0,0.00%,5.47
55,David Cone,Y,377,90,1999,Jul 18,NYY,,MON,"W,6-0",SHO,W,10,9,0,0,0,0,10,0,0,2.65,27,88,68,21,18,4,13,0,4,0,97,0,0,0,27,0,0,0,0,0,0,0.36,0.259,0.34,0.14%,5.2
56,Jose Jimenez,,19,73,1999,Jun 25,STL,@,ARI,"W,1-0",SHO,W,4,9,0,0,0,2,8,0,1,6.02,28,101,62,20,12,10,7,0,2,0,93,0,0,0,25,0,0,0,2,0,0,1.23,0.799,0.79,0.31%,5.04
57,David Wells*,Y,389,37,1998,May 17,NYY,,MIN,"W,4-0",SHO,W,4,9,0,0,0,0,11,0,0,4.45,27,120,79,20,14,6,10,0,5,0,98,0,0,0,27,0,0,0,0,0,0,0.68,0.477,0.64,0.27%,4.94
58,Kevin Brown,,259,62,1997,Jun 10,FLA,@,SFG,"W,9-0",SHO,W,4,9,0,0,0,0,7,0,1,2.81,28,98,67,23,10,17,3,1,0,0,94,0,0,0,27,0,0,0,0,0,0,0.54,0.382,0.79,0.33%,4.53
59,Hideo Nomo,,59,151,1996,Sep 17,LAD,@,COL,"W,9-0",SHO,W,4,9,0,0,0,4,8,0,0,3.16,30,110,66,16,20,8,10,2,2,0,91,2,1,0,26,0,0,0,0,0,0,0.74,0.376,1.29,0.39%,5.79
60,Dwight Gooden,,312,36,1996,May 14,NYY,,SEA,"W,2-0",SHO,W,5,9,0,0,0,6,5,0,0,4.46,33,134,74,32,10,8,14,3,3,0,86,0,0,0,27,0,0,0,0,0,1,1.39,0.644,1.81,0.50%,5.47
61,Al Leiter*,,121,38,1996,May 11,FLA,,COL,"W,11-0",SHO,W,4,9,0,0,0,2,6,0,1,2.33,28,103,58,12,8,9,10,1,7,0,91,0,0,0,25,0,0,0,2,0,0,0.22,0.093,0.13,0.03%,4.57
62,Ramon Martinez,,187,71,1995,Jul 14,LAD,,FLA,"W,7-0",SHO,W,5,9,0,0,0,1,8,0,0,4.43,28,114,79,23,9,10,9,0,3,0,94,0,0,0,27,0,0,0,0,0,0,0.43,0.301,0.44,0.19%,4.23
63,Kenny Rogers*,Y,343,102,1994,Jul 28,TEX,,CAL,"W,4-0",SHO,W,5,9,0,0,0,0,8,0,0,4.07,27,98,64,22,10,7,12,1,3,0,95,0,0,0,27,0,0,0,0,0,0,0.5,0.359,0.89,0.38%,5.22
64,Scott Erickson,,122,22,1994,Apr 27,MIN,,MIL,"W,6-0",SHO,W,4,9,0,0,0,4,5,0,1,5.28,31,128,71,25,9,14,7,3,1,0,88,0,0,0,26,0,0,0,1,0,0,0.47,0.31,0.29,0.11%,5.27
65,Kent Mercker*,,185,5,1994,Apr 8,ATL,@,LAD,"W,6-0",SHO,W,99,9,0,0,0,4,10,0,0,0,31,131,85,26,18,10,7,1,0,0,93,1,0,0,27,0,0,0,0,0,0,0.72,0.371,0.81,0.25%,4.37
66,Darryl Kile,,87,139,1993,Sep 8,HOU,,NYM,"W,7-1",CG,W,4,9,0,1,0,1,9,0,0,3.13,28,83,59,20,12,4,14,4,3,0,93,0,0,0,27,0,0,0,0,0,0,0.6,0.312,0,0.00%,3.29
67,Jim Abbott*,,152,137,1993,Sep 4,NYY,,CLE,"W,4-0",SHO,W,5,9,0,0,0,5,3,0,0,4.1,30,119,66,19,9,15,7,1,0,0,85,0,0,0,25,0,0,0,2,0,0,0.62,0.351,2.31,0.79%,4.61
68,Chris Bosio,,216,15,1993,Apr 22,SEA,,BOS,"W,7-0",SHO,W,3,9,0,0,0,2,4,0,0,3.14,28,97,59,15,9,16,6,3,1,0,89,0,0,0,26,0,0,0,1,0,0,0.47,0.25,0.47,0.15%,4.8
69,Kevin Gross,,337,118,1992,Aug 17,LAD,,SFG,"W,2-0",SHO,W,4,9,0,0,0,2,6,0,1,3.37,29,99,71,16,18,12,8,1,2,0,91,0,0,0,26,0,0,0,1,0,0,1.02,0.507,0,0.00%,3.84
70,Bret Saberhagen,,246,124,1991,Aug 26,KCR,,CHW,"W,7-0",SHO,W,4,9,0,0,0,2,5,0,0,2.92,30,114,74,17,9,13,10,4,0,0,90,0,0,0,28,0,0,0,0,0,1,0.35,0.199,0.07,0.02%,4.49
71,Wilson Alvarez*,,2,110,1991,Aug 11,CHW,@,BAL,"W,7-0",SHO,W,99,9,0,0,0,5,7,0,0,0,32,128,75,14,15,3,17,4,5,0,89,0,0,0,27,0,0,0,1,0,1,0.32,0.214,0.94,0.38%,4.31
72,Dennis Martinez,Y,482,98,1991,Jul 28,MON,@,LAD,"W,2-0",SHO,W,4,9,0,0,0,0,5,0,0,2.05,27,96,66,12,14,17,5,0,1,0,92,0,0,0,27,0,0,0,0,0,0,0.87,0.574,0,0.00%,4.04
73,Tommy Greene,,30,40,1991,May 23,PHI,@,MON,"W,2-0",SHO,W,5,9,0,0,0,7,10,0,0,2.53,33,130,77,15,16,10,6,2,1,0,90,2,1,0,25,0,0,0,0,0,0,1.52,0.697,1.71,0.47%,4.08
74,Nolan Ryan,,745,17,1991,May 1,TEX,,TOR,"W,3-0",SHO,W,4,9,0,0,0,2,16,0,0,3.03,29,122,83,22,29,3,8,1,5,0,101,0,0,0,27,0,0,0,0,0,0,0.62,0.408,0.72,0.29%,4.4
75,Dave Stieb,,384,134,1990,Sep 2,TOR,@,CLE,"W,3-0",SHO,W,4,9,0,0,0,4,9,0,0,2.91,29,123,75,23,17,6,10,1,3,0,92,0,2,0,25,0,0,0,0,0,0,0.96,0.554,0.93,0.32%,4.31
76,Terry Mulholland*,,73,114,1990,Aug 15,PHI,,SFG,"W,6-0",SHO,W,4,9,0,0,0,0,8,0,0,3.99,27,105,75,13,17,9,10,8,1,0,95,0,0,0,27,0,0,0,1,0,1,0.5,0.326,0.01,0.00%,4.19
77,Fernando Valenzuela*,,314,73,1990,Jun 29,LAD,,STL,"W,6-0",SHO,W,4,9,0,0,0,3,7,0,0,3.73,30,119,72,18,14,9,11,1,1,0,91,0,0,0,27,0,0,0,1,0,1,0.72,0.394,0.41,0.14%,4.1
78,Dave Stewart,,374,72,1990,Jun 29,OAK,@,TOR,"W,5-0",SHO,W,4,9,0,0,0,3,12,0,0,2.55,29,115,81,16,19,6,8,0,2,0,96,0,1,0,26,0,0,0,0,0,0,0.55,0.341,1.39,0.52%,4.61
79,Nolan Ryan,,720,58,1990,Jun 11,TEX,@,OAK,"W,5-0",SHO,W,4,9,0,0,0,2,14,0,0,4.32,29,130,86,18,31,4,9,2,2,0,99,1,0,0,27,0,0,0,0,0,0,0.49,0.264,0.06,0.02%,4.13
80,Randy Johnson*,,44,51,1990,Jun 2,SEA,,DET,"W,2-0",SHO,W,5,9,0,0,0,6,8,0,0,4.1,33,138,88,25,14,7,12,1,6,0,89,0,0,0,27,0,0,0,1,0,1,1.19,0.551,0.31,0.09%,4.35
81,Tom Browning*,Y,145,146,1988,Sep 16,CIN,,LAD,"W,1-0",SHO,W,4,9,0,0,0,0,7,0,0,3.41,27,101,72,14,13,10,10,0,2,0,94,0,0,0,27,0,0,0,0,0,0,1.05,0.694,0.23,0.09%,4.02
82,Juan Nieves*,,37,9,1987,Apr 15,MIL,@,BAL,"W,7-0",SHO,W,4,9,0,0,0,5,7,0,0,3.77,31,128,76,12,11,3,16,3,3,0,89,0,0,0,26,0,0,0,1,0,0,0.75,0.46,1.72,0.63%,4.8
83,Mike Scott,,211,153,1986,Sep 25,HOU,,SFG,"W,2-0",SHO,W,4,9,0,0,0,2,13,0,1,2.25,30,,,,,9,5,0,0,0,98,2,0,0,27,0,0,0,0,0,0,1.08,0.57,0,0.00%,4.04
84,Joe Cowley,,87,147,1986,Sep 19,CHW,@,CAL,"W,7-1",CG,W,4,9,0,1,1,7,8,0,0,3.88,32,,,,,4,13,1,0,0,84,1,1,0,24,0,0,0,1,1,0,1.13,0.35,0,0.00%,3.6
85,Mike Witt,Y,132,162,1984,Sep 30,CAL,@,TEX,"W,1-0",SHO,W,4,9,0,0,0,0,10,0,0,3.47,27,,,,,13,4,0,0,0,97,0,0,0,27,0,0,0,0,0,0,1.18,0.812,0,0.00%,4.58
86,Jack Morris,,199,4,1984,Apr 7,DET,@,CHW,"W,4-0",SHO,W,3,9,0,0,0,6,8,0,0,0.56,32,,,,,11,7,1,2,0,89,1,0,0,26,0,0,0,1,0,0,0.88,0.386,1.32,0.35%,4.67
87,Mike Warren,,12,159,1983,Sep 29,OAK,,CHW,"W,3-0",SHO,W,4,9,0,0,0,3,5,0,0,4.11,29,,,,,5,16,0,0,0,89,0,1,0,26,0,0,0,0,0,0,0.7,0.396,0,0.00%,4.2
88,Bob Forsch,,308,157,1983,Sep 26,STL,,MON,"W,3-0",SHO,W,5,9,0,0,0,0,6,0,1,4.37,29,,,,,12,10,0,2,0,93,0,0,0,28,0,0,0,0,0,1,0.69,0.426,0,0.00%,4.16
89,Dave Righetti*,,68,76,1983,Jul 4,NYY,,BOS,"W,4-0",SHO,W,4,9,0,0,0,4,9,0,0,3.26,29,,,,,5,11,0,0,0,92,0,1,1,25,0,0,0,1,0,0,0.83,0.509,1.53,0.56%,4.34
90,Nolan Ryan,,451,102,1981,Sep 26,HOU,,LAD,"W,5-0",SHO,W,5,9,0,0,0,3,11,0,0,1.74,30,,,,,11,5,0,1,0,95,2,0,0,27,0,0,0,0,0,0,0.95,0.429,3.52,0.95%,3.7
91,Len Barker,Y,116,24,1981,May 15,CLE,,TOR,"W,3-0",SHO,W,5,9,0,0,0,0,11,0,0,1.31,27,,,,,9,7,0,0,0,98,0,0,0,27,0,0,0,0,0,0,0.71,0.474,0.71,0.28%,4.05
92,Charlie Lea,,27,27,1981,May 10(2),MON,,SFG,"W,4-0",SHO,W,3,9,0,0,0,4,8,0,0,4.05,29,,,,,8,9,1,0,0,91,0,1,0,25,0,0,0,1,0,0,0.78,0.448,0.65,0.22%,3.93
93,Jerry Reuss*,,341,70,1980,Jun 27,LAD,@,SFG,"W,8-0",SHO,W,5,9,0,0,0,0,2,0,0,1.87,28,,,,,18,8,0,0,0,89,0,0,0,28,0,0,0,0,0,1,0.36,0.227,0.9,0.34%,3.91
94,Ken Forsch,,364,2,1979,Apr 7,HOU,,ATL,"W,6-0",SHO,W,99,9,0,0,0,2,3,0,0,0,29,,,,,15,9,0,0,0,88,0,0,0,27,0,0,0,0,0,0,0.64,0.385,1.03,0.37%,3.98
95,Tom Seaver,,402,63,1978,Jun 16,CIN,,STL,"W,4-0",SHO,W,5,9,0,0,0,3,3,0,0,3.22,30,,,,,15,9,0,1,0,87,1,0,0,27,0,0,0,0,0,0,0.67,0.365,1.39,0.45%,4.02
96,Bob Forsch,,124,9,1978,Apr 16,STL,,PHI,"W,5-0",SHO,W,3,9,0,0,0,2,3,0,0,0.71,29,,,,,14,10,1,1,0,88,1,0,0,27,0,0,0,1,0,1,0.73,0.394,1.21,0.39%,3.98
97,Bert Blyleven,,282,153,1977,Sep 22,TEX,@,CAL,"W,6-0",SHO,W,15,9,0,0,0,1,7,0,0,2.72,28,,,,,8,12,4,2,0,93,0,0,0,27,0,0,0,1,0,1,0.46,0.276,0,0.00%,4.38
98,Dennis Eckersley,,81,41,1977,May 30,CLE,,CAL,"W,1-0",SHO,W,4,9,0,0,0,1,12,0,0,2.98,28,,,,,4,11,0,0,0,98,0,0,0,27,0,0,0,1,0,0,1.15,0.737,0.91,0.35%,4.38
99,Jim Colborn,,245,32,1977,May 14,KCR,,TEX,"W,6-0",SHO,W,4,9,0,0,0,1,6,0,1,2.23,28,,,,,11,9,2,0,0,92,1,0,0,26,0,0,0,1,0,0,0.66,0.397,0.74,0.27%,4.65
100,John Montefusco,,79,160,1976,Sep 29,SFG,@,ATL,"W,9-0",SHO,W,5,9,0,0,0,1,4,0,0,2.84,28,,,,,12,11,0,0,0,90,0,0,0,27,0,0,0,0,0,0,0.29,0.16,0,0.00%,4.23
101,John Candelaria*,,40,110,1976,Aug 9,PIT,,LAD,"W,2-0",SHO,W,4,9,0,0,0,1,7,0,0,3.05,30,,,,,13,9,1,1,0,93,0,0,0,29,0,0,0,0,0,2,0.95,0.522,0.08,0.03%,3.99
102,Larry Dierker,,334,84,1976,Jul 9,HOU,,MON,"W,6-0",SHO,W,4,9,0,0,0,4,8,0,0,4.07,30,,,,,9,9,1,1,0,91,1,0,0,26,0,0,0,0,0,0,0.54,0.232,0.1,0.03%,3.63
103,Ed Halicki,,36,129,1975,Aug 24(2),SFG,,NYM,"W,6-0",SHO,W,3,9,0,0,0,2,10,0,0,3.48,30,,,,,7,11,1,6,0,95,0,0,0,28,0,0,0,0,0,1,0.59,0.324,0,0.00%,4.3
104,Nolan Ryan,,239,49,1975,Jun 1,CAL,,BAL,"W,1-0",SHO,W,3,9,0,0,0,4,9,0,0,2.45,32,,,,,10,9,1,0,0,92,1,0,0,28,0,0,0,0,0,1,1.38,0.701,0.88,0.27%,3.97
105,Nolan Ryan,,227,160,1974,Sep 28,CAL,,MIN,"W,4-0",SHO,W,3,9,0,0,0,8,15,0,0,2.89,35,,,,,4,8,0,0,0,94,0,0,0,27,0,0,0,0,0,0,0.75,0.302,0,0.00%,3.86
106,Dick Bosman,,238,91,1974,Jul 19,CLE,,OAK,"W,4-0",SHO,W,4,9,0,0,0,0,4,0,0,3.7,28,,,,,16,8,1,0,0,91,0,0,0,28,0,0,0,0,0,1,0.5,0.315,0.96,0.36%,4.07
107,Steve Busby,,58,62,1974,Jun 19,KCR,@,MIL,"W,2-0",SHO,W,4,9,0,0,0,1,3,0,0,3.39,28,,,,,13,11,4,5,0,89,0,0,0,27,0,0,0,0,0,0,0.95,0.581,1.84,0.68%,4.07
108,Phil Niekro,,346,117,1973,Aug 5,ATL,,SDP,"W,9-0",SHO,W,3,9,0,0,0,3,4,0,0,3.44,32,,,,,11,14,2,0,0,88,0,0,0,29,0,0,0,0,0,2,0.49,0.272,0,0.00%,4.48
109,Jim Bibby,,25,102,1973,Jul 30,TEX,@,OAK,"W,6-0",SHO,W,3,9,0,0,0,6,13,0,0,3.38,33,,,,,7,7,0,1,0,94,1,0,0,27,0,0,0,0,0,0,0.41,0.178,0,0.00%,4.09
110,Nolan Ryan,,168,89,1973,Jul 15,CAL,@,DET,"W,6-0",SHO,W,3,9,0,0,0,4,17,0,0,2.9,31,,,,,4,6,1,1,0,100,0,0,0,27,0,0,0,0,0,0,0.9,0.508,1.36,0.46%,4.56
111,Nolan Ryan,,154,30,1973,May 15,CAL,@,KCR,"W,3-0",SHO,W,2,9,0,0,0,3,12,0,0,2.71,30,,,,,4,11,1,1,0,96,1,0,0,27,0,0,0,0,0,0,0.81,0.492,1.43,0.52%,4.56
112,Steve Busby,,10,19,1973,Apr 27,KCR,@,DET,"W,3-0",SHO,W,6,9,0,0,0,6,4,0,0,5.11,31,,,,,9,12,3,0,0,85,0,0,0,25,0,0,0,1,0,0,1.35,0.618,2.14,0.59%,4.56
113,Bill Stoneman,,203,152,1972,Oct 2(1),MON,,NYM,"W,7-0",SHO,W,5,9,0,0,0,7,9,0,0,2.98,34,,,,,8,10,2,2,0,89,0,0,0,27,0,0,0,1,0,1,0.28,0.172,0,0.00%,3.93
114,Milt Pappas,,485,128,1972,Sep 2,CHC,,SDP,"W,8-0",SHO,W,3,9,0,0,0,1,6,0,0,3,28,,,,,12,10,4,2,0,92,0,0,0,27,0,0,0,0,0,0,0.41,0.288,0.06,0.02%,4.28
115,Burt Hooton,,4,2,1972,Apr 16,CHC,,PHI,"W,4-0",SHO,W,99,9,0,0,0,7,7,0,0,0,32,,,,,9,9,2,0,0,87,0,1,0,24,0,0,0,1,0,0,1.14,0.503,1.7,0.45%,4.28
116,Bob Gibson,,406,122,1971,Aug 14,STL,@,PIT,"W,11-0",SHO,W,4,9,0,0,0,3,10,0,0,3.22,31,,,,,7,11,1,0,0,94,0,0,0,28,0,0,0,0,0,0,0.26,0.112,0.79,0.21%,3.99
117,Rick Wise,,198,68,1971,Jun 23,PHI,@,CIN,"W,4-0",SHO,W,3,9,0,0,0,1,3,0,0,2.94,28,,,,,15,9,2,0,0,89,0,0,0,27,0,0,0,0,0,0,0.62,0.376,0.04,0.02%,3.71
118,Ken Holtzman*,,174,52,1971,Jun 3,CHC,@,CIN,"W,1-0",SHO,W,3,9,0,0,0,4,6,0,0,4.79,30,,,,,10,10,1,2,0,89,1,0,0,26,0,0,0,1,0,0,1.44,0.753,0.8,0.25%,3.71
119,Vida Blue*,,16,154,1970,Sep 21,OAK,,MIN,"W,6-0",SHO,W,5,9,0,0,0,1,9,0,0,2.28,28,,,,,10,8,1,0,0,95,0,0,0,27,0,0,0,0,0,0,0.86,0.563,0.01,0.00%,4.05
120,Bill Singer,,128,92,1970,Jul 20,LAD,,PHI,"W,5-0",SHO,W,3,9,0,0,0,0,10,0,1,2.9,29,,,,,10,8,4,1,0,97,0,0,0,28,0,0,0,0,0,1,0.51,0.286,0.31,0.11%,4.3
121,Clyde Wright*,,137,77,1970,Jul 3,CAL,,OAK,"W,4-0",SHO,W,3,9,0,0,0,3,1,0,0,2.9,29,,,,,14,11,2,4,0,85,0,0,0,26,0,0,0,1,0,0,0.59,0.322,1.43,0.47%,4.01
122,Dock Ellis,,75,58,1970,Jun 12(1),PIT,@,SDP,"W,2-0",SHO,W,5,9,0,0,0,8,6,0,1,3.86,36,,,,,7,14,3,0,0,85,3,0,0,27,0,0,0,0,0,0,1.27,0.633,1.95,0.58%,4.3
123,Bob Moose,,81,152,1969,Sep 20,PIT,@,NYM,"W,4-0",SHO,W,3,9,0,0,0,3,6,0,0,2.99,30,,,,,13,8,2,1,0,90,0,0,0,27,0,0,0,0,0,0,0.71,0.408,0,0.00%,4.16
124,Ken Holtzman*,,112,123,1969,Aug 19,CHC,,ATL,"W,3-0",SHO,W,3,9,0,0,0,3,0,0,0,3.12,30,,,,,12,15,0,2,0,84,0,0,0,27,0,0,0,0,0,0,0.66,0.405,0.9,0.33%,4.61
125,Jim Palmer,,82,116,1969,Aug 13,BAL,,OAK,"W,8-0",SHO,W,3,9,0,0,0,6,8,0,0,1.77,35,,,,,10,11,1,0,0,89,0,0,0,29,0,0,0,0,0,2,0.72,0.343,0.05,0.01%,4.13
126,Don Wilson,,71,25,1969,May 1,HOU,@,CIN,"W,4-0",SHO,W,3,9,0,0,0,6,13,0,1,3.46,34,,,,,1,13,0,2,0,94,1,0,0,27,0,0,0,0,0,0,0.83,0.411,0.12,0.04%,4.28
127,Jim Maloney,,257,20,1969,Apr 30,CIN,,HOU,"W,10-0",SHO,W,4,9,0,0,0,5,13,0,0,1.42,31,,,,,7,6,2,3,0,95,0,0,0,26,0,0,0,0,0,0,0.36,0.227,0.31,0.12%,4.28
128,Bill Stoneman,,49,9,1969,Apr 17,MON,@,PHI,"W,7-0",SHO,W,3,9,0,0,0,5,8,0,0,2.5,31,,,,,9,9,1,2,0,90,1,0,0,26,0,0,0,1,0,0,0.76,0.354,0.95,0.27%,4
129,Ray Washburn,,174,153,1968,Sep 18,STL,@,SFG,"W,2-0",SHO,W,4,9,0,0,0,5,8,0,0,2.28,31,,,,,13,5,0,0,0,90,0,0,0,26,0,0,0,1,0,0,1.28,0.545,0,0.00%,3.45
130,Gaylord Perry,,246,153,1968,Sep 17,SFG,,STL,"W,1-0",SHO,W,3,9,0,0,0,2,9,0,0,2.46,29,,,,,10,8,0,0,0,94,0,0,0,27,0,0,0,0,0,0,1.07,0.656,0,0.00%,3.45
131,George Culver,,85,99,1968,Jul 29(2),CIN,@,PHI,"W,6-1",CG,W,3,9,0,1,0,5,4,0,0,2.84,34,,,,,15,9,0,4,0,84,0,0,0,27,0,0,0,0,1,1,0.62,0.076,0.2,0.02%,2.42
132,Catfish Hunter,Y,103,25,1968,May 8,OAK,,MIN,"W,4-0",SHO,W,4,9,0,0,0,0,11,0,0,2.36,27,,,,,7,9,0,0,0,98,0,0,0,27,0,0,0,0,0,0,0.79,0.489,1.75,0.65%,3.21
133,Tom Phoebus,,40,13,1968,Apr 27,BAL,,BOS,"W,6-0",SHO,W,6,9,0,0,0,3,9,0,0,1.52,29,,,,,5,12,1,0,0,93,0,1,0,26,0,0,0,0,0,0,0.44,0.218,1.12,0.34%,3.42
134,Joe Horlen,,191,142,1967,Sep 10(1),CHW,,DET,"W,6-0",SHO,W,3,9,0,0,0,0,4,0,1,2.21,28,,,,,17,6,2,0,0,91,0,0,0,27,0,0,0,1,0,1,0.29,0.146,2.05,0.61%,3.47
135,Dean Chance,,254,128,1967,Aug 25(2),MIN,@,CLE,"W,2-1",CG,W,2,9,0,1,1,5,8,0,0,2.46,31,,,,,14,4,0,0,0,86,0,0,0,25,0,0,0,2,0,1,1.52,0.62,10.76,2.64%,2.76
136,Don Wilson,,15,64,1967,Jun 18,HOU,,ATL,"W,2-0",SHO,W,3,9,0,0,0,3,15,0,0,3.12,30,,,,,4,8,0,1,0,99,0,0,0,27,0,0,0,0,0,0,0.94,0.489,0.05,0.02%,3.69
137,Sonny Siebert,,93,50,1966,Jun 10,CLE,,WSA,"W,2-0",SHO,W,4,9,0,0,0,1,7,0,0,3.02,29,,,,,13,8,2,0,0,93,0,0,0,28,0,0,0,0,0,1,0.83,0.506,3.51,1.29%,3.9
138,Dave Morehead,,93,149,1965,Sep 16,BOS,,CLE,"W,2-0",SHO,W,5,9,0,0,0,1,8,0,0,4.06,28,,,,,12,7,2,0,0,94,0,0,0,27,0,0,0,0,0,0,0.92,0.576,0,0.00%,4.19
139,Sandy Koufax*,Y,349,141,1965,Sep 9,LAD,,CHC,"W,1-0",SHO,W,3,9,0,0,0,0,14,0,0,2.14,27,113,79,22,23,3,10,1,1,0,101,0,0,0,27,0,0,0,0,0,0,1.04,0.674,9.7,3.76%,3.75
140,Jim Maloney,,148,118,1965,Aug 19(1),CIN,@,CHC,"W,1-0",SHO(10),W,5,10,0,0,0,10,12,0,1,2.71,40,,,,,9,8,0,5,0,94,0,0,0,28,0,0,1,1,0,0,2.05,0.841,6.61,1.63%,4.56
141,Jim Bunning,Y,319,60,1964,Jun 21(1),PHI,@,NYM,"W,6-0",SHO,W,2,9,0,0,0,0,10,0,0,2.07,27,89,68,18,15,6,11,1,4,0,97,0,0,0,27,0,0,0,0,0,0,0.45,0.293,2.21,0.87%,3.88
142,Sandy Koufax*,,296,48,1964,Jun 4,LAD,@,PHI,"W,3-0",SHO,W,3,9,0,0,0,1,12,0,0,2.34,27,97,68,13,21,7,7,1,0,0,98,0,1,0,26,0,0,0,0,0,0,0.71,0.463,0.76,0.30%,4
143,Ken Johnson,,140,9,1964,Apr 23,HOU,,CIN,"L,0-1",CG,L,4,9,0,1,0,2,9,0,0,1.69,31,,,,,14,6,0,3,0,92,0,0,0,29,0,0,0,0,0,2,1.16,0.181,2.31,0.22%,2.8
144,Juan Marichal,,93,63,1963,Jun 15,SFG,,HOU,"W,1-0",SHO,W,3,9,0,0,0,2,5,0,0,2.52,29,,,,,8,14,0,4,0,90,0,0,0,27,0,0,0,0,0,0,1.07,0.649,4.58,1.67%,3.78
145,Don Nottebart,,90,37,1963,May 17,HOU,,PHI,"W,4-1",CG,W,4,9,0,1,0,3,8,0,0,2.73,31,105,67,26,9,8,12,1,1,0,90,0,0,0,26,0,0,0,0,1,1,0.85,0.257,0.72,0.13%,2.59
146,Sandy Koufax*,,250,31,1963,May 11,LAD,,SFG,"W,8-0",SHO,W,3,9,0,0,0,2,4,0,0,1.15,28,111,72,17,11,7,15,3,0,0,89,0,0,0,26,0,0,0,1,0,0,0.58,0.37,1.23,0.47%,3.51
147,Jack Kralick*,,106,134,1962,Aug 26,MIN,,KCA,"W,1-0",SHO,W,4,9,0,0,0,1,3,0,0,4.02,28,,,,,14,10,1,0,0,89,0,0,0,27,0,0,0,0,0,0,1.22,0.736,4.98,1.81%,4.63
148,Bill Monbouquette,,134,103,1962,Aug 1,BOS,@,CHW,"W,1-0",SHO,W,4,9,0,0,0,1,7,0,0,4.29,28,,,,,8,12,1,0,0,93,0,0,0,27,0,0,0,0,0,0,1.14,0.779,0.02,0.01%,4.45
149,Sandy Koufax*,,236,80,1962,Jun 30,LAD,,NYM,"W,5-0",SHO,W,3,9,0,0,0,5,13,0,0,2.33,30,138,80,24,20,7,5,1,0,0,95,0,0,0,25,0,0,0,2,0,0,0.48,0.249,2.4,0.74%,4.25
150,Earl Wilson,,33,71,1962,Jun 26,BOS,,LAA,"W,2-0",SHO,W,4,9,0,0,0,4,5,0,0,3.16,31,,,,,8,14,1,0,0,88,0,0,0,27,0,0,0,0,0,0,1.07,0.566,0.57,0.18%,4.58
151,Bo Belinsky*,,4,19,1962,May 5,LAA,,BAL,"W,2-0",SHO,W,3,9,0,0,0,4,9,0,2,1.53,34,,,,,10,9,1,0,0,92,0,0,0,28,0,0,0,0,0,1,1.24,0.537,2.52,0.66%,4.32
152,Warren Spahn*,,574,10,1961,Apr 28,MLN,,SFG,"W,1-0",SHO,W,4,9,0,0,0,2,5,0,0,0.96,27,,,,,10,10,0,3,0,90,0,0,0,25,0,0,0,2,0,0,1.23,0.723,3.71,1.31%,4.2
153,Warren Spahn*,,568,142,1960,Sep 16,MLN,,PHI,"W,4-0",SHO,W,3,9,0,0,0,2,15,0,0,3.46,29,,,,,5,7,0,0,0,100,0,0,0,27,0,0,0,0,0,0,0.63,0.368,0.89,0.32%,3.91
154,Lew Burdette,,366,112,1960,Aug 18,MLN,,PHI,"W,1-0",SHO,W,3,9,0,0,0,0,3,0,1,3.6,27,,,,,18,5,0,0,0,90,0,0,0,26,0,0,0,0,0,0,1.05,0.662,2.17,0.82%,3.91
155,Don Cardwell,,77,23,1960,May 15(2),CHC,,STL,"W,4-0",SHO,W,8,9,0,0,0,1,7,0,0,3.38,28,,,,,11,9,2,0,0,93,0,0,0,27,0,0,0,0,0,0,0.67,0.425,0.7,0.27%,4.17
156,Hoyt Wilhelm,,399,147,1958,Sep 20,BAL,,NYY,"W,1-0",SHO,W,3,9,0,0,0,2,8,0,0,2.43,28,,,,,6,12,2,0,0,93,0,1,0,26,0,0,0,0,0,0,1.11,0.68,0,0.00%,3.96
157,Jim Bunning,,95,86,1958,Jul 20(1),DET,@,BOS,"W,3-0",SHO,W,3,9,0,0,0,2,12,0,1,3.28,30,,,,,5,10,1,1,0,97,0,0,0,27,0,0,0,0,0,0,0.77,0.465,0.32,0.12%,4.46
158,Bob Keegan,,114,119,1957,Aug 20(2),CHW,,WSH,"W,6-0",SHO,W,3,9,0,0,0,2,1,0,0,3.44,28,,,,,13,12,0,0,0,86,0,0,0,26,0,0,0,1,0,0,0.34,0.221,0.52,0.21%,4.25
159,Don Larsen,Y,,,1956,Oct 8,NYY,,BRO,"W,2-0",SHO,W,2,9,0,0,0,0,7,0,0,---,27,,,,,6,14,4,3,0,94,0,0,0,27,0,0,0,0,0,0,0.85,0.586,70.52,26.74%,4.56
160,Sal Maglie,,260,150,1956,Sep 25,BRO,,PHI,"W,5-0",SHO,W,3,9,0,0,0,2,3,0,1,2.94,29,110,71,24,8,14,9,2,0,0,88,0,0,0,26,0,0,0,1,0,0,0.39,0.255,8.98,3.50%,4.68
161,Mel Parnell*,,275,79,1956,Jul 14,BOS,,CHW,"W,4-0",SHO,W,9,9,0,0,0,2,4,0,0,3.14,28,,,,,15,7,1,0,0,89,0,1,0,26,0,0,0,1,0,1,0.76,0.468,0.95,0.35%,5.26
162,Carl Erskine,,253,20,1956,May 12,BRO,,NYG,"W,3-0",SHO,W,4,9,0,0,0,2,3,0,0,1.72,29,102,66,21,7,10,14,2,0,0,88,0,0,0,27,0,0,0,0,0,0,0.87,0.547,2.22,0.84%,4.68
163,Sam Jones,,24,28,1955,May 12,CHC,,PIT,"W,4-0",SHO,W,3,9,0,0,0,7,6,0,0,4.22,31,,,,,10,8,2,1,0,86,0,1,0,24,0,0,0,1,0,0,0.96,0.404,1.51,0.38%,4.57
164,Jim Wilson,,111,51,1954,Jun 12,MLN,,PHI,"W,2-0",SHO,W,5,9,0,0,0,2,6,0,0,2.36,28,,,,,8,12,1,3,0,91,0,1,0,26,0,0,0,0,0,0,0.87,0.557,1.81,0.70%,4.31
165,Bobo Holloman,,5,19,1953,May 6,SLB,,PHA,"W,6-0",SHO,W,4,9,0,0,0,5,3,0,0,3.14,31,,,,,12,11,2,1,0,85,0,0,0,26,0,0,0,1,0,1,0.62,0.36,1.43,0.50%,4.58
166,Virgil Trucks,,287,125,1952,Aug 25,DET,@,NYY,"W,1-0",SHO,W,5,9,0,0,0,1,8,0,0,3.35,30,,,,,8,13,2,4,0,94,0,0,0,28,0,0,0,0,0,1,1.27,0.746,0,0.00%,3.93
167,Carl Erskine,,119,56,1952,Jun 19,BRO,,CHC,"W,5-0",SHO,W,4,9,0,0,0,1,1,0,0,2.62,28,103,63,17,7,18,8,1,0,0,87,0,0,0,27,0,0,0,0,0,0,0.4,0.27,2.41,0.97%,4.29
168,Virgil Trucks,,265,26,1952,May 15,DET,,WSH,"W,1-0",SHO,W,5,9,0,0,0,1,7,0,2,5.54,31,,,,,9,12,0,1,0,93,0,0,0,28,0,0,0,0,0,1,1.1,0.661,0.52,0.19%,4.18
169,Allie Reynolds,,322,150,1951,Sep 28(1),NYY,,BOS,"W,8-0",SHO,W,6,9,0,0,0,4,9,0,0,3.05,30,,,,,7,10,0,2,0,92,0,0,0,26,0,0,0,1,0,0,0.35,0.234,0.82,0.33%,4.46
170,Allie Reynolds,,304,75,1951,Jul 12,NYY,@,CLE,"W,1-0",SHO,W,3,9,0,0,0,3,4,0,0,3.33,29,,,,,10,12,1,0,0,88,0,0,0,26,0,0,0,1,0,1,1.37,0.792,6.97,2.42%,4.37
171,Bob Feller,,433,68,1951,Jul 1(1),CLE,,DET,"W,2-1",CG,W,4,9,0,1,0,3,5,0,0,2.75,31,,,,,14,9,0,0,0,87,1,0,0,28,0,0,0,0,0,1,1.14,0.576,1.81,0.55%,3.37
172,Cliff Chambers*,,105,18,1951,May 6(2),PIT,@,BSN,"W,3-0",SHO,W,4,9,0,0,0,8,4,0,0,3.03,34,,,,,11,11,0,0,0,83,0,0,0,24,0,0,0,1,0,0,1.32,0.526,3.79,0.91%,4.17
173,Vern Bickford,,98,107,1950,Aug 11,BSN,,BRO,"W,7-0",SHO,W,3,9,0,0,0,4,3,0,0,3.19,30,97,55,15,4,12,11,0,0,0,86,0,0,0,26,0,0,0,1,0,0,0.37,0.231,1.1,0.42%,4.43
174,Rex Barney,,91,132,1948,Sep 9,BRO,@,NYG,"W,2-0",SHO,W,2,9,0,0,0,2,4,0,0,3.22,29,116,75,19,13,11,12,2,0,0,89,0,0,0,27,0,0,0,2,0,2,1.09,0.627,5.28,1.83%,4.56
175,Bob Lemon,,88,62,1948,Jun 30,CLE,@,DET,"W,2-0",SHO,W,4,9,0,0,0,3,4,0,0,2.38,30,,,,,14,9,0,0,0,88,0,0,0,27,0,0,0,0,0,0,1.01,0.663,4.86,1.92%,4.93
176,Bill McCahan,,29,132,1947,Sep 3,PHA,,WSH,"W,3-0",SHO,W,3,9,0,0,0,0,2,0,0,3.14,28,,,,,11,15,1,0,0,89,0,0,0,28,0,0,0,0,0,1,0.82,0.522,0,0.00%,4.23
177,Don Black,,122,65,1947,Jul 10(1),CLE,,PHA,"W,3-0",SHO,W,5,9,0,0,0,6,5,0,0,3.51,32,,,,,11,10,1,0,0,86,0,0,0,26,0,0,0,1,0,0,0.85,0.371,0.92,0.24%,4.06
178,Ewell Blackwell,,49,57,1947,Jun 18,CIN,,BSN,"W,6-0",SHO,W,3,9,0,0,0,4,3,0,0,2.28,30,,,,,9,14,2,2,0,86,0,0,0,25,0,0,0,0,0,0,0.76,0.376,1.2,0.36%,4.65
179,Bob Feller,,218,10,1946,Apr 30,CLE,@,NYY,"W,1-0",SHO,W,3,9,0,0,0,5,11,0,0,1.46,32,,,,,11,5,0,0,0,93,1,1,0,25,0,0,0,0,0,1,1.61,0.715,3.77,1.01%,4.14
180,Ed Head,,106,7,1946,Apr 23,BRO,,BSN,"W,5-0",SHO,W,99,9,0,0,0,3,1,0,0,0,29,,,,,19,6,2,0,0,85,0,0,0,25,0,0,0,1,0,1,0.67,0.312,2.33,0.65%,4.03
181,Dick Fowler,,39,137,1945,Sep 9(2),PHA,,SLB,"W,1-0",SHO,W,3,9,0,0,0,4,6,0,0,4.79,29,,,,,11,8,0,1,0,89,0,0,0,24,0,0,0,2,0,0,1.31,0.632,0,0.00%,3.84
182,Clyde Shoun*,,305,22,1944,May 15,CIN,,BSN,"W,1-0",SHO,W,1,9,0,0,0,1,1,0,0,2.02,28,,,,,7,19,2,0,0,87,0,0,0,27,0,0,0,0,0,0,1.06,0.706,2.79,1.12%,4.1
183,Jim Tobin,,206,8,1944,Apr 27,BSN,,BRO,"W,2-0",SHO,W,3,9,0,0,0,2,6,0,0,0.69,29,,,,,10,11,0,0,0,91,0,0,0,27,0,0,0,0,0,0,1.03,0.651,1.5,0.57%,4.44
184,Lon Warneke,,382,126,1941,Aug 30,STL,@,CIN,"W,2-0",SHO,W,7,9,0,0,0,1,2,0,0,3.24,28,,,,,10,15,1,0,0,88,0,1,0,27,0,0,0,1,0,2,1.01,0.595,8.39,2.97%,4.27
185,Tex Carleton,,261,9,1940,Apr 30,BRO,@,CIN,"W,3-0",SHO,W,6,9,0,0,0,2,4,0,0,1.5,30,,,,,12,12,1,0,0,89,0,1,0,28,0,0,0,0,0,2,0.86,0.463,3.96,1.27%,4.44
186,Bob Feller,,119,1,1940,Apr 16,CLE,@,CHW,"W,1-0",SHO,W,99,9,0,0,0,5,8,0,0,0,33,,,,,7,13,1,0,0,90,1,0,0,28,0,0,0,0,0,1,1.44,0.888,3.93,1.46%,5.1
187,Monte Pearson,,174,122,1938,Aug 27(2),NYY,,CLE,"W,13-0",SHO,W,2,9,0,0,0,2,7,0,0,3.76,29,,,,,9,11,0,4,0,92,0,0,0,27,0,0,0,0,0,0,0.26,0.14,0.07,0.02%,5.51
188,Johnny Vander Meer*,,32,48,1938,Jun 15,CIN,@,BRO,"W,6-0",SHO,W,3,9,0,0,0,8,7,0,0,2.23,35,,,,,13,7,0,0,0,86,0,0,0,27,0,0,0,0,0,0,0.5,0.289,1.23,0.43%,4.58
189,Johnny Vander Meer*,,31,45,1938,Jun 11,CIN,,BSN,"W,3-0",SHO,W,5,9,0,0,0,3,4,0,0,2.47,28,,,,,11,10,3,0,0,88,0,0,0,25,0,0,0,0,0,0,0.83,0.476,2.17,0.75%,4.36
190,Bill Dietrich,,137,36,1937,Jun 1,CHW,,SLB,"W,8-0",SHO,W,2,9,0,0,0,2,5,0,0,6.48,29,,,,,11,11,2,1,0,90,0,0,0,27,0,0,0,1,0,1,0.42,0.295,1,0.42%,5.34
191,Vern Kennedy,,28,123,1935,Aug 31,CHW,,CLE,"W,5-0",SHO,W,3,9,0,0,0,4,5,0,0,3.89,30,,,,,8,13,1,1,0,88,1,0,0,26,0,0,0,1,0,0,0.68,0.414,0,0.00%,5.23
192,Paul Dean,,36,145,1934,Sep 21(2),STL,@,BRO,"W,3-0",SHO,W,4,9,0,0,0,1,6,0,0,3.55,28,,,,,10,11,1,1,0,92,0,0,0,27,0,0,0,0,0,0,0.84,0.579,5.43,2.23%,4.5
193,Bobby Burke*,,147,106,1931,Aug 8,WSH,,BOS,"W,5-0",SHO,W,12,9,0,0,0,5,8,0,0,3.66,31,,,,,13,5,1,0,0,90,0,1,0,26,0,0,0,0,0,0,0.78,0.535,0.31,0.13%,5.24
194,Wes Ferrell,,94,12,1931,Apr 29,CLE,,SLB,"W,9-0",SHO,W,5,9,0,0,0,3,8,0,0,2.32,32,,,,,14,7,1,4,0,92,0,0,0,29,0,0,0,0,0,3,0.58,0.358,1.94,0.72%,5.45
195,Carl Hubbell*,,25,13,1929,May 8,NYG,,PIT,"W,11-0",SHO,W,3,9,0,0,0,1,4,0,0,3.67,30,,,,,17,8,3,1,0,90,0,0,0,28,0,0,0,1,0,3,0.36,0.208,0.76,0.26%,5.44
196,Ted Lyons,,127,121,1926,Aug 21,CHW,@,BOS,"W,6-0",SHO,W,4,9,0,0,0,1,2,0,0,3.26,29,,,,,13,13,1,1,0,88,0,0,0,27,0,0,0,0,0,1,0.56,0.331,0.01,0.00%,4.61
197,Dazzy Vance,,149,134,1925,Sep 13(1),BRO,,PHI,"W,10-1",CG,W,4,9,0,1,0,1,9,0,0,3.28,29,,,,,6,13,1,4,0,93,0,0,0,27,0,0,0,0,1,1,0.41,0.153,0,0.00%,3.99
198,Jesse Haines,,173,82,1924,Jul 17,STL,,BSN,"W,5-0",SHO,W,5,9,0,0,0,3,5,0,0,3.31,30,,,,,9,13,2,2,0,89,0,0,0,27,0,0,0,0,0,0,0.51,0.327,0,0.00%,4.48
199,Howard Ehmke,,242,125,1923,Sep 7,BOS,@,PHA,"W,4-0",SHO,W,3,9,0,0,0,1,1,0,0,3.54,28,,,,,,,,,,87,,,,27,0,0,,,0,,,,,,
200,Sad Sam Jones,,284,125,1923,Sep 4,NYY,@,PHA,"W,2-0",SHO,W,3,9,0,0,0,1,0,0,0,3.86,29,,,,,15,13,0,2,0,86,0,0,0,28,0,0,0,0,0,1,1.03,0.653,0.01,0.01%,4.86
201,Jesse Barnes,,229,20,1922,May 7,NYG,,PHI,"W,6-0",SHO,W,5,9,0,0,0,1,5,0,0,1.93,27,,,,,15,6,1,2,0,91,0,0,0,26,0,0,0,1,0,0,0.36,0.23,1.69,0.64%,5.15
202,Charlie Robertson,Y,5,15,1922,Apr 30,CHW,@,DET,"W,2-0",SHO,W,3,9,0,0,0,0,6,0,0,2.42,27,,,,,7,14,2,3,0,93,0,0,0,27,0,0,0,0,0,0,0.92,0.633,2.42,1.00%,4.64
203,Walter Johnson,,563,61,1920,Jul 1,WSH,@,BOS,"W,1-0",SHO,W,3,9,0,0,0,0,10,0,0,2.96,28,,,,,4,14,0,0,0,97,0,0,0,28,0,0,0,0,0,1,1.32,0.814,1.39,0.51%,4.6
204,Ray Caldwell,,270,123,1919,Sep 10(1),CLE,@,NYY,"W,3-0",SHO,W,7,9,0,0,0,1,5,0,0,3.56,29,,,,,11,12,1,0,0,91,0,0,0,28,0,0,0,0,0,1,0.76,0.452,0.17,0.06%,4.11
205,Hod Eller,,79,15,1919,May 11,CIN,,STL,"W,6-0",SHO,W,5,9,0,0,0,3,8,0,0,2.21,28,,,,,7,10,0,2,0,92,0,2,0,25,0,0,0,0,0,0,0.46,0.266,1.66,0.58%,3.57
206,Dutch Leonard*,,206,42,1918,Jun 3,BOS,@,DET,"W,5-0",SHO,W,3,9,0,0,0,1,4,0,0,3.05,28,,,,,,,,,,90,,,,27,0,0,,,0,,,,,,
207,Bob Groom,,323,19,1917,May 6(2),SLB,,CHW,"W,3-0",SHO,W,-1,9,0,0,0,3,4,0,1,1.28,28,,,,,,,,,,88,,,,23,0,0,,,0,,,,,,
208,Ernie Koob*,,68,17,1917,May 5,SLB,,CHW,"W,1-0",SHO,W,5,9,0,0,0,5,2,0,0,2.62,32,,,,,19,6,2,0,0,84,0,0,0,27,0,0,0,2,0,2,1.23,0.643,3.57,1.12%,3.49
209,Fred Toney,,117,20,1917,May 2,CIN,@,CHC,"W,1-0",SHO(10),W,4,10,0,0,0,2,3,0,0,1.87,32,,,,,10,17,2,9,0,93,0,0,0,30,0,0,0,0,0,0,1.21,0.799,2.72,1.08%,4.2
210,George Mogridge*,,59,9,1917,Apr 24,NYY,@,BOS,"W,2-1",CG,W,9,9,0,1,0,3,3,0,0,1,32,,,,,,,,,,85,,,,26,0,0,,,0,,,,,,
211,Eddie Cicotte,,339,3,1917,Apr 14,CHW,@,SLB,"W,11-0",SHO,W,99,9,0,0,0,3,5,0,1,0,31,,,,,,,,,,89,,,,27,0,0,,,0,,,,,,
212,Dutch Leonard*,,149,123,1916,Aug 30,BOS,,SLB,"W,4-0",SHO,W,0,9,0,0,0,2,3,0,0,2.35,29,,,,,,,,,,88,,,,27,0,0,,,0,,,,,,
213,Bullet Joe Bush,,138,118,1916,Aug 26,PHA,,CLE,"W,5-0",SHO,W,0,9,0,0,0,1,7,0,0,2.41,28,,,,,7,13,2,0,0,93,0,0,0,26,0,0,0,0,0,0,0.55,0.282,0,0.00%,3.45
214,Rube Foster,,102,55,1916,Jun 21,BOS,,NYY,"W,2-0",SHO,W,4,9,0,0,0,3,3,0,0,4.04,29,,,,,5,18,0,3,0,87,0,1,0,25,0,0,0,0,0,0,1.01,0.525,1.94,0.61%,3.71
215,Tom Hughes,,120,46,1916,Jun 16,BSN,,PIT,"W,2-0",SHO,W,2,9,0,0,0,2,7,0,0,2.65,30,,,,,,,,,,92,,,,28,0,0,,,0,,,,,,
216,Dave Davenport,,86,133,1915,Sep 7(1),SLM,,CHI,"W,3-0",SHO,W,1,9,0,0,0,2,3,0,0,2.28,28,,,,,,,,,,88,,,,26,0,0,,,0,,,,,,
217,Jimmy Lavender,,149,121,1915,Aug 31(1),CHC,@,NYG,"W,2-0",SHO,W,4,9,0,0,0,1,8,0,0,2.28,29,,,,,,,,,,94,,,,28,0,0,,,0,,,,,,
218,Alex Main,,62,108,1915,Aug 16,KCP,@,BUF,"W,5-0",SHO,W,3,9,0,0,0,1,7,0,0,2.26,29,,,,,,,,,,93,,,,28,0,0,,,0,,,,,,
219,Claude Hendrix,,159,28,1915,May 15,CHI,@,PBS,"W,10-0",SHO,W,5,9,0,0,0,3,3,0,0,1.6,30,,,,,,,,,,87,,,,26,0,0,,,0,,,,,,
220,Frank Allen*,,96,12,1915,Apr 24,PBS,@,SLM,"W,2-0",SHO,W,2,9,0,0,0,4,4,0,0,1.16,31,,,,,,,,,,87,,,,27,0,0,,,0,,,,,,
221,Rube Marquard*,,213,2,1915,Apr 15,NYG,,BRO,"W,2-0",SHO,W,99,9,0,0,0,2,2,0,0,0,30,,,,,,,,,,87,,,,28,0,0,,,0,,,,,,
222,Ed Lafitte,,70,136,1914,Sep 19(1),BTT,,KCP,"W,6-2",CG,W,2,9,0,2,0,7,1,0,1,2.66,35,,,,,,,,,,77,,,,27,0,0,,,,,,,,,
223,Iron Davis,,16,126,1914,Sep 9(2),BSN,,PHI,"W,7-0",SHO,W,5,9,0,0,0,5,4,0,0,3.04,32,,,,,,,,,,86,,,,27,0,0,,,0,,,,,,
224,Joe Benz,,99,40,1914,May 31,CHW,,CLE,"W,6-1",CG,W,4,9,0,1,0,2,3,0,0,1.01,29,,,,,,,,,,86,,,,27,0,0,,,0,,,,,,
225,Jeff Tesreau,,27,127,1912,Sep 6(1),NYG,@,PHI,"W,3-0",SHO,W,1,9,0,0,0,2,2,0,0,2.43,30,,,,,,,,,,87,,,,28,0,0,,,,,,,,,
226,Earl Hamilton*,,65,125,1912,Aug 30,SLB,@,DET,"W,5-1",CG,W,3,9,0,1,,2,0,0,0,0.47,31,,,,,,,,,,,,,,29,0,0,,,,,,,,,
227,George Mullin,,414,73,1912,Jul 4(2),DET,,SLB,"W,7-0",SHO,W,2,9,0,0,0,5,5,0,0,0.21,31,,,,,,,,,,87,,,,25,0,0,,,,,,,,,
228,Ed Walsh,,324,121,1911,Aug 27,CHW,,BOS,"W,5-0",SHO,W,2,9,0,0,0,1,8,0,0,0.52,28,,,,,,,,,,94,,,,27,0,0,,,,,,,,,
229,Smoky Joe Wood,,96,93,1911,Jul 29(1),BOS,,SLB,"W,5-0",SHO,W,5,9,0,0,0,2,12,0,1,0.14,29,,,,,,,,,,97,,,,25,0,0,,,,,,,,,
230,Charles Bender,,226,18,1910,May 12,PHA,,CLE,"W,4-0",SHO,W,4,9,0,0,0,1,4,0,0,0,27,,,,,,,,,,90,,,,26,0,0,,,,,,,,,
231,Addie Joss,,275,5,1910,Apr 20,CLE,@,CHW,"W,1-0",SHO,W,5,9,0,0,0,2,2,0,0,0,29,,,,,,,,,,87,,,,26,0,0,,,,,,,,,
232,Addie Joss,Y,239,152,1908,Oct 2,CLE,,CHW,"W,1-0",SHO,W,5,9,0,0,0,0,3,0,0,0,27,,,,,,,,,,90,,,,27,0,0,,,,,,,,,
233,Frank Smith,,162,143,1908,Sep 20,CHW,,PHA,"W,1-0",SHO,W,6,9,0,0,0,1,2,0,0,0,29,,,,,,,,,,88,,,,28,0,0,,,,,,,,,
234,Bob Rhoads,,194,141,1908,Sep 18,CLE,,BOS,"W,2-1",CG,W,4,9,0,1,,2,2,0,1,0,33,,,,,,,,,,,,,,26,0,0,,,,,,,,,
235,Nap Rucker*,,71,122,1908,Sep 5(2),BRO,,BSN,"W,6-0",SHO,W,2,9,0,0,0,0,14,0,0,0,29,,,,,,,,,,101,,,,29,0,0,,,,,,,,,
236,Hooks Wiltse*,,146,68,1908,Jul 4(1),NYG,,PHI,"W,1-0",SHO,W,6,10,0,0,0,0,5,0,1,0,31,,,,,,,,,,97,,,,30,0,0,,,,,,,,,
237,Cy Young,,813,66,1908,Jun 30,BOS,@,NYY,"W,8-0",SHO,W,4,9,0,0,0,1,2,0,0,0,27,,,,,,,,,,88,,,,26,0,0,,,,,,,,,
238,Nick Maddox,,3,139,1907,Sep 20,PIT,,BRO,"W,2-1",CG,W,3,9,0,1,,3,5,0,1,0,32,,,,,,,,,,,,,,27,0,0,,,,,,,,,
239,Big Jeff Pfeffer,,55,19,1907,May 8,BSN,,CIN,"W,6-0",SHO,W,8,9,0,0,0,1,3,0,1,0,30,,,,,,,,,,89,,,,27,0,0,,,,,,,,,
240,Mal Eason,,108,82,1906,Jul 20,BRO,@,STL,"W,2-0",SHO,W,4,9,0,0,0,3,5,0,0,0,30,,,,,,,,,,89,,,,27,0,0,,,,,,,,,
241,Johnny Lush*,,15,17,1906,May 1,PHI,@,BRO,"W,6-0",SHO,W,3,9,0,0,0,3,11,0,0,0,31,,,,,,,,,,95,,,,27,0,0,,,,,,,,,
242,Bill Dinneen,,288,141,1905,Sep 27(1),BOS,,CHW,"W,2-0",SHO,W,26,9,0,0,0,2,6,0,1,0,30,,,,,,,,,,91,,,,26,0,0,,,,,,,,,
243,Frank Smith,,57,124,1905,Sep 6(2),CHW,@,DET,"W,15-0",SHO,W,3,9,0,0,0,3,8,0,0,0,30,,,,,,,,,,92,,,,27,0,0,,,,,,,,,
244,Weldon Henley,,77,77,1905,Jul 22(1),PHA,@,SLB,"W,6-0",SHO,W,8,9,0,0,0,3,2,0,0,0,28,,,,,,,,,,86,,,,25,0,0,,,,,,,,,
245,Christy Mathewson,,186,51,1905,Jun 13,NYG,@,CHC,"W,1-0",SHO,W,3,9,0,0,0,0,2,0,0,0,28,,,,,,,,,,89,,,,28,0,0,,,,,,,,,
246,Jesse Tannehill*,,254,101,1904,Aug 17,BOS,@,CHW,"W,6-0",SHO,W,2,9,0,0,0,1,4,0,1,2.21,29,,,,,,,,,,90,,,,26,0,0,,,,,,,,,
247,Cy Young,Y,638,16,1904,May 5,BOS,,PHA,"W,3-0",SHO,W,4,9,0,0,0,0,8,0,0,1.54,27,,,,,,,,,,95,,,,27,0,0,,,,,,,,,
248,Chick Fraser,,271,128,1903,Sep 18(2),PHI,@,CHC,"W,10-0",SHO,W,5,9,0,0,0,5,4,0,0,---,34,,,,,,,,,,86,,,,29,0,0,,,,,,,,,
249,Jimmy Callahan,,190,129,1902,Sep 20(1),CHW,,DET,"W,3-0",SHO,W,4,9,0,0,0,2,2,0,0,---,30,,,,,,,,,,87,,,,28,0,0,,,,,,,,,
250,Christy Mathewson,,29,64,1901,Jul 15,NYG,@,STL,"W,5-0",SHO,W,2,9,0,0,0,4,4,0,0,---,31,,,,,,,,,,87,,,,27,0,0,,,,,,,,,
251,Pete Dowling*,,93,54,1901,Jun 30,CLE,@,MLA,"W,7-0",SHO,W,1,9,0,0,0,4,0,0,1,---,31,,,,,,,,,,83,,,,26,0,0,,,,,,,,,
252,Noodles Hahn*,,,,1900,Jul 12,CIN,,PHI,"W,4-0",,,,,,,,,,,,---,,,,,,,,,,,,,,,,,,,,,,,,,,
253,Vic Willis,,,,1899,Aug 7,BSN,,WHS,"W,7-1",,,,,,,,,,,,---,,,,,,,,,,,,,,,,,,,,,,,,,,
254,Deacon Phillippe,,,,1899,May 25,LOU,,NYG,"W,7-0",,,,,,,,,,,,---,,,,,,,,,,,,,,,,,,,,,,,,,,
255,Walter Thornton*,,,,1898,Aug 21,CHC,,BRO,"W,2-0",,,,,,,,,,,,---,,,,,,,,,,,,,,,,,,,,,,,,,,
256,Red Donahue,,,,1898,Jul 8,PHI,,BSN,"W,5-0",,,,,,,,,,,,---,,,,,,,,,,,,,,,,,,,,,,,,,,
257,Jay Hughes,,,,1898,Apr 22,BLN,,BSN,"W,8-0",,,,,,,,,,,,---,,,,,,,,,,,,,,,,,,,,,,,,,,
258,Theodore Breitenstein*,,,,1898,Apr 22,CIN,,PIT,"W,11-0",,,,,,,,,,,,---,,,,,,,,,,,,,,,,,,,,,,,,,,
259,Cy Young,,,,1897,Sep 18,CLV,,CIN,"W,6-0",,,,,,,,,,,,---,,,,,,,,,,,,,,,,,,,,,,,,,,
260,Bill Hawke,,,,1893,Aug 16,BLN,@,WHS,"W,5-0",,,,,,,,,,,,---,,,,,,,,,,,,,,,,,,,,,,,,,,
261,Bumpus Jones,,,,1892,Oct 15,CIN,,PIT,"W,7-1",,,,,,,,,,,,---,,,,,,,,,,,,,,,,,,,,,,,,,,
262,Ben Sanders,,,,1892,Aug 22,LOU,,BLN,"W,6-2",,,,,,,,,,,,---,,,,,,,,,,,,,,,,,,,,,,,,,,
263,Jack Stivetts,,,,1892,Aug 6,BSN,@,BRO,"W,11-0",,,,,,,,,,,,---,,,,,,,,,,,,,,,,,,,,,,,,,,
264,Theodore Breitenstein*,,,,1891,Oct 4,STL,,LOU,"W,8-0",,,,,,,,,,,,---,,,,,,,,,,,,,,,,,,,,,,,,,,
265,Amos Rusie,,,,1891,Jul 31,NYG,,BRO,"W,6-0",,,,,,,,,,,,---,,,,,,,,,,,,,,,,,,,,,,,,,,
266,Tom Lovett,,,,1891,Jun 22,BRO,,NYG,"W,4-0",,,,,,,,,,,,---,,,,,,,,,,,,,,,,,,,,,,,,,,
267,Ledell Titcomb*,,,,1890,Sep 15,ROC,,SYR,"W,7-0",,,,,,,,,,,,---,,,,,,,,,,,,,,,,,,,,,,,,,,
268,Gus Weyhing,,,,1888,Jul 31,PHA,,KCC,"W,4-0",,,,,,,,,,,,---,,,,,,,,,,,,,,,,,,,,,,,,,,
269,Ed Seward,,,,1888,Jul 26,PHA,,CIN,"W,12-2",,,,,,,,,,,,---,,,,,,,,,,,,,,,,,,,,,,,,,,
270,Henry Porter,,,,1888,Jun 6,KCC,@,BAL,"W,4-0",,,,,,,,,,,,---,,,,,,,,,,,,,,,,,,,,,,,,,,
271,Adonis Terry,,,,1888,May 27,BRO,,LOU,"W,4-0",,,,,,,,,,,,---,,,,,,,,,,,,,,,,,,,,,,,,,,
272,Matt Kilroy*,,,,1886,Oct 6,BAL,@,PIT,"W,6-0",,,,,,,,,,,,---,,,,,,,,,,,,,,,,,,,,,,,,,,
273,Adonis Terry,,,,1886,Jul 24,BRO,,STL,"W,1-0",,,,,,,,,,,,---,,,,,,,,,,,,,,,,,,,,,,,,,,
274,Al Atkinson,,,,1886,May 1,PHA,,NYP,"W,3-2",,,,,,,,,,,,---,,,,,,,,,,,,,,,,,,,,,,,,,,
275,Charlie Ferguson,,,,1885,Aug 29,PHI,,PRO,"W,1-0",,,,,,,,,,,,---,,,,,,,,,,,,,,,,,,,,,,,,,,
276,John Clarkson,,,,1885,Jul 27,CHC,@,PRO,"W,4-0",,,,,,,,,,,,---,,,,,,,,,,,,,,,,,,,,,,,,,,
277,Sam Kimber,,,,1884,Oct 4,BRO,,TOL,"T,0-0",,,,,,,,,,,,---,,,,,,,,,,,,,,,,,,,,,,,,,,
278,Ed Cushman*,,,,1884,Sep 28,MIL,,WHS,"W,5-0",,,,,,,,,,,,---,,,,,,,,,,,,,,,,,,,,,,,,,,
279,Dick Burns*,,,,1884,Aug 26,COR,@,KCC,"W,3-1",,,,,,,,,,,,---,,,,,,,,,,,,,,,,,,,,,,,,,,
280,Pud Galvin,,,,1884,Aug 4,BUF,@,DTN,"W,18-0",,,,,,,,,,,,---,,,,,,,,,,,,,,,,,,,,,,,,,,
281,Larry Corcoran,,,,1884,Jun 27,CHC,,PRO,"W,6-0",,,,,,,,,,,,---,,,,,,,,,,,,,,,,,,,,,,,,,,
282,Frank Mountain,,,,1884,Jun 5,COL,@,WAS,"W,12-0",,,,,,,,,,,,---,,,,,,,,,,,,,,,,,,,,,,,,,,
283,Ed Morris*,,,,1884,May 29,COL,@,PIT,"W,5-0",,,,,,,,,,,,---,,,,,,,,,,,,,,,,,,,,,,,,,,
284,Al Atkinson,,,,1884,May 24,PHA,,PIT,"W,10-1",,,,,,,,,,,,---,,,,,,,,,,,,,,,,,,,,,,,,,,
285,Hugh Daily,,,,1883,Sep 13,CLV,@,PHI,"W,1-0",,,,,,,,,,,,---,,,,,,,,,,,,,,,,,,,,,,,,,,
286,Old Hoss Radbourn,,,,1883,Jul 25,PRO,@,CLV,"W,8-0",,,,,,,,,,,,---,,,,,,,,,,,,,,,,,,,,,,,,,,
287,Larry Corcoran,,,,1882,Sep 20,CHC,,WOR,"W,5-0",,,,,,,,,,,,---,,,,,,,,,,,,,,,,,,,,,,,,,,
288,Guy Hecker,,,,1882,Sep 19,LOU,@,PIT,"W,3-1",,,,,,,,,,,,---,,,,,,,,,,,,,,,,,,,,,,,,,,
289,Tony Mullane,,,,1882,Sep 11,LOU,@,CIN,"W,2-0",,,,,,,,,,,,---,,,,,,,,,,,,,,,,,,,,,,,,,,
290,Pud Galvin,,,,1880,Aug 20,BUF,,WOR,"W,1-0",,,,,,,,,,,,---,,,,,,,,,,,,,,,,,,,,,,,,,,
291,Larry Corcoran,,,,1880,Aug 19,CHC,,BSN,"W,6-0",,,,,,,,,,,,---,,,,,,,,,,,,,,,,,,,,,,,,,,
292,John Ward,Y,,,1880,Jun 17,PRO,,BUF,"W,5-0",,,,,,,,,,,,---,,,,,,,,,,,,,,,,,,,,,,,,,,
293,Lee Richmond*,Y,,,1880,Jun 12,WOR,,CLV,"W,1-0",,,,,,,,,,,,---,,,,,,,,,,,,,,,,,,,,,,,,,,
294,George Bradley,,,,1876,Jul 15,STL,,HAR,"W,2-0",,,,,,,,,,,,---,,,,,,,,,,,,,,,,,,,,,,,,,,
295,Joe Borden,,,,1875,Jul 28,PHI,,CHI,"W,4-0",,,,,,,,,,,,---,,,,,,,,,,,,,,,,,,,,,,,,,,
